actual_execution_time,predicted_execution_time,error
15.75227165222168,14.567408568859095,-1.1848630833625844
2.850912809371948,7.843899470713409,4.992986661341462
41.4885999361674,41.816575377782144,0.3279754416147469
0.2053350607554117,3.4920406254132574,3.286705564657846
39.60782639185587,41.816575377782144,2.2087489859262703
24.36795886357625,25.704461796283713,1.3365029327074645
14.474127133687338,14.240172298749284,-0.23395483493805358
27.78838610649109,29.747382318178815,1.958996211687726
6.902739763259888,6.334927994548329,-0.5678117687115583
8.01638126373291,8.50230919440588,0.48592793067297
139.1726508935293,138.63721048037215,-0.5354404131571471
15.547564268112184,16.298051917552947,0.7504876494407622
32.881540060043335,37.46803102460174,4.586490964558408
5.722259918848674,6.334927994548329,0.6126680756996556
32.12358490626017,37.246211574541185,5.122626668281015
20.33021799723308,16.370462250709526,-3.9597557465235553
19.476547241210938,15.143405951446967,-4.3331412897639705
24.96704936027527,25.235981876850122,0.2689325165748535
88.5191437403361,131.14893069299444,42.629786952658336
