actual_execution_time,predicted_execution_time,error
15.75227165222168,14.79842210928599,-0.9538495429356892
2.850912809371948,7.86243326161968,5.011520452247732
41.4885999361674,41.81657537778216,0.3279754416147611
0.2053350607554117,4.613035206000012,4.4077001452446
39.60782639185587,41.81657537778216,2.2087489859262845
24.36795886357625,26.100256857872,1.7322979942957524
14.474127133687338,14.3282773176829,-0.14584981600443747
27.78838610649109,29.755411486625675,1.9670253801345865
6.902739763259888,6.334927994548329,-0.5678117687115583
8.01638126373291,8.623181850843967,0.6068005871110564
139.1726508935293,139.95150202433274,0.7788511308034458
15.547564268112184,16.298051917552947,0.7504876494407622
32.881540060043335,37.46803102460174,4.586490964558408
5.722259918848674,6.334927994548329,0.6126680756996556
32.12358490626017,37.246211574541185,5.122626668281015
20.33021799723308,16.370462250709526,-3.9597557465235553
19.476547241210938,15.154292466547766,-4.322254774663172
24.96704936027527,25.63177693843841,0.6647275781631414
88.5191437403361,131.14893069299444,42.629786952658336
