table,table_size_bytes,column_cardinality,index_presence
nation,8192,20.0,0
region,8192,5.0,0
part,335929344,537536.1111111111,0
supplier,18579456,85085.14285714286,0
partsupp,1434484736,2024812.8,0
customer,294887424,1039432.875,0
orders,2140954624,4672636.666666667,0
lineitem,9219751936,3302377.8125,0
